0,41.645,15.68,37.876,18.673,68.038,37.352,52.793,3.043,43.873,16.008,25.972,43.119,34.318,51.748,26.985,34.393,53.582,36.014,18.235,54.482,51.208,67.778,39.768,14.785,56.795,44.083,30.734,40.034,47.07,16.513,61.956,29.585,25.586,27.232,48.569,44.913,6.456,28.824,48.406,20.899,46.938,43.182,53.806,17.141,51.347,29.746,45.445,20.688,42.138,50.122,30.144,55.774,30.045,39.973,46.318,40.633,64.891,53.55,43.695,23.367,11.591,28.392,34.798,63.324,8.576,47.847,32.772,33.184,56.441,64.801,23.256,31.485,55.856,27.804,35.767,69.387,26.367,33.671,34.89,18.871,50.617,20.346,47.083,16.146,31.459,63.31,23.768,61.145,29.178,29.466,68.616,51.142,11.424,36.594,28.023,29.022,50.07,34.681,35.14
41.645,0,28.548,56.706,25.735,58.173,6.999,90.3,44.338,67.296,25.938,43.643,31.651,57.279,79.037,22.883,75.921,47.085,73.674,26.093,63.044,91.377,56.636,29.353,49.124,49.711,55.168,42.075,62.168,27.7,47.016,94.151,69.709,51.742,63.584,88.674,11.644,35.192,22.76,62.49,28.017,44.694,81.893,85.819,24.848,87.97,69.96,49.148,52.522,46.792,67.333,69.348,62.39,69.844,70.301,41.733,11.799,96.244,54.847,47.99,49.302,42.231,49.121,11.507,99.361,50.209,25.199,14.913,52.53,59.668,94.893,31.187,48.77,42.805,69.096,75.112,104.398,61.663,48.848,7.747,53.184,35.521,42.723,11.895,25.896,71.86,89.796,60.581,90.708,66.983,39.84,56.867,23.248,51.125,25.288,68.601,42.282,59.395,23.18,68.042
15.68,28.548,0,34.054,14.999,55.267,26.081,61.903,17.582,43.119,4.998,19.832,28.49,45.05,53.636,11.376,49.389,40.908,51.524,14.779,46.988,62.886,54.693,37.165,20.612,44.174,36.893,21.869,50.851,42.209,18.858,67.188,45.253,25.264,35.142,60.18,34.804,10.22,13.256,42.966,6.16,34.931,53.352,68.291,5.337,59.712,45.407,35.314,33.899,32.014,46.328,45.805,47.575,41.378,53.667,33.569,31.133,69.611,43.24,33.606,22.637,22.697,24.649,25.115,71.305,23.491,32.252,17.395,42.324,47.004,68.717,10.264,26.048,41.822,43.138,46.579,76.647,33.328,41.08,23.258,24.778,35.928,28.883,32.011,4.69,43.505,65.027,38.913,64.666,38.45,33.956,55.425,35.462,22.982,32.854,40.333,34.81,42.596,30.264,40.356
37.876,56.706,34.054,0,48.764,41.475,57.156,43.815,36.472,10.959,39.043,14.243,32.677,72.007,23.26,33.985,53.563,30.156,65.876,48.482,18.425,51.383,42.335,71.218,24.663,32.178,9.878,14.664,77.617,75.992,21.623,40.184,56.512,12.853,25.764,49.073,66.121,38.34,33.947,10.814,30.536,24.025,40.132,86.724,39.344,40.359,56.398,17.739,57.661,16.456,12.471,58.894,20.577,35.982,75.238,26.238,63.244,41.482,23.138,16.881,14.627,49.443,9.748,57.61,49.031,38.216,43.153,41.817,71.058,23.369,39.449,26.253,8.171,37.128,51.062,37.459,52.254,23.505,71.325,54.346,22.778,37.096,58.014,53.447,38.744,39.019,33.252,57.27,35.228,29.725,65.942,43.418,48.662,31.958,66.894,38.049,66.071,14.65,64.279,21.337
18.673,25.735,14.999,48.764,0,68.097,20.07,71.244,21.707,57.248,10.107,34.65,40.001,34.062,67.005,22.141,51.375,54.124,47.939,0.441,61.937,69.857,67.252,22.783,31.052,57.351,51.886,36.849,39.583,29.034,30.87,79.124,44.294,38.816,45.071,67.227,26.644,13.15,23.873,57.933,20.246,48.751,61.779,60.963,10.233,69.611,44.57,49.9,26.943,46.657,61.144,43.737,62.442,48.708,45.544,46.95,22.26,81.836,57.652,48.232,36.2,16.512,39.159,16.733,81.538,26.869,40.408,22.87,30.242,61.632,81.337,24.852,40.891,53.631,44.316,54.409,87.403,43.807,27.945,18.137,35.501,46.924,18.077,34.276,10.462,50.121,78.559,34.849,77.443,47.486,19.833,67.865,41.855,29.884,18.872,46.675,21.235,57.56,16.589,51.995
68.038,58.173,55.267,41.475,68.097,0,63.11,84.223,68.267,48.666,58.923,44.126,28.41,100.314,58.845,45.957,93.275,14.471,102.428,68.076,27.34,92.728,2.193,84.817,60.463,11.243,31.653,38.308,106.117,85.396,56.448,75.974,93.988,50.962,66.616,90.48,69.804,64.718,44.256,35.019,49.112,21.189,81.524,121.685,58.365,80.595,93.975,24.689,88.409,27.412,40.001,95.722,24.556,76.875,107.981,21.803,69.442,75.897,18.4,26.169,51.065,77.632,45.213,66.297,87.314,72.505,33.062,47.618,97.492,19.824,72.788,45.374,41.352,15.417,89.481,78.849,88.839,64.198,95.856,61.353,60.752,22.749,84.128,47.759,58.551,79.917,63.645,91.414,69.149,70.777,87.923,2.961,36.382,67.731,80.17,78.47,89.271,28.515,77.492,62.776
37.352,6.999,26.081,57.156,20.07,63.11,0,87.859,40.214,67.36,22.505,43.426,35.559,50.448,78.686,23.324,71.178,51.165,67.782,20.468,65.411,88.044,61.706,22.762,46.538,53.991,56.823,42.813,55.261,22.297,44.936,93.034,64.362,50.701,61.107,85.359,8.991,31.006,23.774,63.955,27.073,47.97,79.036,79.212,21.532,85.752,64.635,51.702,46.368,49.05,68.445,63.785,65.04,66.543,63.699,45.215,6.578,95.329,58.05,50.38,48.147,36.514,48.828,4.514,97.382,45.905,30.627,16.799,45.633,62.75,94.226,30.968,49.032,47.695,64.204,72.004,102.714,59.368,41.886,2.868,50.802,40.363,36.244,18.582,22.559,68.349,89.768,54.758,90.098,64.224,32.886,62.023,29.438,47.586,18.511,64.998,35.36,61.512,16.281,66.385
52.793,90.3,61.903,43.815,71.244,84.223,87.859,0,49.765,35.583,65.412,49.871,74.732,74.854,27.528,68.802,34.873,73.937,53.502,70.815,57.607,12.523,85.374,92.346,41.325,75.802,53.021,54.533,78.668,99.854,43.301,18.429,44.99,40.393,26.763,12.236,96.311,58.147,69.757,49.332,62.638,67.806,10.189,73.163,66.345,3.703,44.605,61.526,61.199,60.191,44.987,48.309,60.398,23.396,69.137,69.842,92.312,21.811,65.942,60.693,42.304,60.807,45.167,86.273,11.349,45.65,84.423,77.105,77.079,64.671,24.49,60.564,47.805,80.904,39.036,17.665,18.116,28.639,79.993,85.083,37.134,80.232,68.757,91.264,65.332,23.217,31.346,54.189,24.107,23.792,79.464,86.473,89.614,41.401,89.363,26.441,78.022,55.736,87.473,23.692
3.043,44.338,17.582,36.472,21.707,68.267,40.214,49.765,0,41.88,18.516,25.345,44.13,35.535,49.323,28.668,31.95,53.863,34.87,21.269,53.546,48.198,68.104,42.733,12.582,57.039,43.201,30.465,41.154,50.091,14.872,59.139,27.849,23.903,24.35,45.554,47.872,9.212,30.452,47.14,22.315,47.093,40.141,53.418,19.641,48.348,27.976,45.163,21.348,41.899,48.55,28.698,54.97,27.005,40.075,46.68,43.611,62.112,53.226,43.426,21.854,13.52,27.216,37.749,60.328,5.969,49.419,34.905,34.816,55.894,62.097,24.152,30.523,56.558,25.565,32.724,66.42,23.588,35.648,37.71,16.413,51.607,22.411,49.372,18.618,28.444,60.849,23.161,58.491,26.186,31.952,68.973,52.935,8.437,39.607,25.015,31.34,49.172,37.713,32.452
43.873,67.296,43.119,10.959,57.248,48.666,67.36,35.583,41.88,0,48.002,23.943,43.473,76.88,12.329,44.45,52.156,39.205,66.834,56.924,22.193,44.861,49.872,79.986,29.314,40.72,18.07,25.464,82.245,85.327,27.472,29.525,57.137,18.62,24.406,42.861,76.35,45.673,44.56,13.767,40.395,33.783,34.022,88.128,48.456,31.938,56.947,27.059,62.11,26.535,10.174,59.912,24.94,33.564,78.108,36.336,73.275,30.63,30.487,26.61,21.158,55.359,18.62,67.499,39.258,42.152,54.015,52.469,76.63,29.097,28.507,36.404,18.533,46.723,51.124,33.321,41.9,22.846,77.501,64.518,26.001,47.468,64.203,64.38,47.739,36.403,22.501,60.063,24.292,27.395,73.034,50.972,59.54,35.597,75.838,36.419,72.821,20.159,73.311,16.65
16.008,25.938,4.998,39.043,10.107,58.923,22.505,65.412,18.516,48.002,0,24.828,31.395,41.709,58.338,13.47,50.391,44.718,50.686,9.923,51.83,65.636,58.222,32.175,24.145,47.973,41.802,26.756,47.453,37.368,22.952,71.507,45.221,29.951,38.696,62.942,30.913,9.635,15.365,47.944,10.243,39.041,56.531,66.317,1.133,63.391,45.418,39.874,31.705,36.61,51.326,45.409,52.341,44.107,51.342,37.44,27.017,74.016,47.698,38.192,27.314,20.356,29.597,20.961,75.119,24.459,33.7,17.228,38.599,51.599,73.233,14.782,31.046,44.961,43.797,49.519,80.631,37.053,36.99,19.795,28.491,38.659,25.389,31.167,0.375,46.012,69.783,37.754,69.22,41.73,29.483,58.9,36.238,25.239,27.89,42.714,30.533,47.457,25.322,44.51
25.972,43.643,19.832,14.243,34.65,44.126,43.426,49.871,25.345,23.943,24.828,0,25.481,60.208,35.408,20.771,49.644,30.199,58.429,34.385,28.645,54.482,44.291,56.995,16.35,33.147,18.23,5.971,65.961,61.773,12.324,50.806,49.864,9.515,25.483,51.879,52.416,25.082,21.147,23.445,16.47,23.179,43.504,78.232,25.106,46.926,49.849,20.05,46.581,16.914,26.508,51.652,29.822,35.04,65.374,23.698,49.339,52.726,28.001,18.356,8.099,37.145,5.479,43.595,57.392,28.747,34.632,29.03,58.654,30.55,51.267,12.514,6.242,34.785,45.431,38.54,61.756,23.016,58.428,40.58,17.216,31.948,45.282,42.112,24.523,37.939,46.351,48.01,47.074,29.733,52.444,45.256,39.754,23.622,52.656,35.81,52.801,24.205,50.037,26.249
43.119,31.651,28.49,32.677,40.001,28.41,35.559,74.732,44.13,43.473,31.395,25.481,0,73.103,55.79,17.996,73.468,15.606,78.992,40.016,32.76,79.943,27.379,56.58,40.038,18.491,27.141,20.239,78.843,57.772,36.181,72.861,71.666,34.87,50.954,77.35,43.147,38.583,16.172,34.444,22.485,13.42,68.904,96.657,30.689,71.575,71.743,19.111,62.382,17.818,40.011,72.775,31.613,60.32,82.151,10.269,42.082,74.101,23.457,18.486,33.567,51.178,29.624,38.333,81.248,49.351,10.646,19.357,69.884,28.346,71.916,19.981,26.983,13.635,68.302,64.009,84.835,48.493,67.92,33.511,42.098,7.499,56.782,23.723,31.036,63.143,64.868,66.874,67.722,55.19,59.752,27.932,16.193,46.138,51.911,60.769,61.236,29.801,49.207,51.061
34.318,57.279,45.05,72.007,34.062,100.314,50.448,74.854,35.535,76.88,41.709,60.208,73.103,0,82.75,55.146,42.396,85.927,27.31,33.912,88.789,67.824,99.738,34.676,47.758,89.193,78.382,64.61,5.82,43.138,50.401,88.959,31.502,59.389,55.613,65.842,52.877,35.899,57.018,82.648,51.209,79.755,64.745,29.685,42.435,74.9,31.925,79.177,14.873,75.836,84.041,28.614,90.029,52.459,14.935,78.578,48.905,92.317,87.287,77.424,57.389,23.137,62.665,46.006,86.203,34.78,74.439,56.928,5.41,90.472,93.152,55.033,65.802,86.657,36.375,57.65,92.947,55.926,10.251,49.663,50.885,80.337,16.329,67.526,42.068,51.854,93.853,20.731,90.132,55.355,18.113,100.458,75.868,41.33,35.728,48.968,15.385,84.369,36.357,64.85
51.748,79.037,53.636,23.26,67.005,58.845,78.686,27.528,49.323,12.329,58.338,35.408,55.79,82.75,0,56.154,52.09,50.727,68.815,66.647,31.543,38.767,60.27,89.77,36.996,51.929,29.834,37.578,87.77,95.66,36.242,17.516,59.105,28.388,27.327,37.319,87.666,54.655,56.403,24.146,51.613,45.724,29.371,90.097,58.917,23.861,58.84,38.909,67.885,38.672,18.85,62.194,34.353,33.813,81.857,48.408,84.393,18.342,41.285,38.624,31.024,62.758,29.939,78.501,28.521,48.241,66.343,64.32,83.221,39.022,16.191,47.913,30.498,58.473,52.761,31.467,30.222,26.824,84.694,75.825,32.913,59.62,71.646,76.575,58.111,36.093,11.598,64.216,11.969,28.66,81.213,61.363,71.868,41.861,85.833,37.261,80.663,30.696,83.414,18.01
26.985,22.883,11.376,33.985,22.141,45.957,23.324,68.802,28.668,44.45,13.47,20.771,17.996,55.146,56.154,0,60.056,32.071,62.897,22.126,42.679,71.353,45.121,40.828,28.804,35.273,33.641,19.507,60.869,43.762,25.862,71.443,56.484,29.188,42.523,68.654,32.223,21.553,1.917,40.678,6.712,27.102,61.125,79.472,12.711,66.207,56.624,29.413,44.937,26.456,45.121,57.129,42.618,50.187,64.662,25.019,29.639,73.452,36.601,27.913,26.875,33.617,26.25,24.411,77.266,34.447,20.88,8.386,51.888,40.974,72.037,8.43,25.952,31.616,54.069,54.927,82.02,40.36,49.981,20.588,32.281,25.195,38.818,22.597,13.121,52.617,66.946,50.274,67.845,46.325,41.967,45.747,24.283,32.939,36.168,49.678,43.341,38.596,33.415,45.839
34.393,75.921,49.389,53.563,51.375,93.275,71.178,34.873,31.95,52.156,50.391,49.644,73.468,42.396,52.09,60.056,0,79.753,18.632,50.949,71.835,25.799,93.648,67.633,33.596,82.588,63.078,55.615,45.276,76.158,37.596,51.817,10.922,42.366,28.091,24.141,77.971,40.829,61.718,63.542,53.423,72.733,25.761,38.816,51.523,36.02,10.501,68.613,31.192,65.887,61.985,14.037,74.116,18.668,34.516,73.334,73.554,55.343,75.771,67.106,42.235,36.039,48.068,68.104,45.892,25.981,80.287,66.78,45.744,76.797,57.179,54.078,51.941,84.309,7.204,20.829,52.697,30.148,49.581,68.897,32.568,80.651,41.341,81.312,50.516,16.06,61.002,22.169,55.264,24.761,51.76,94.652,84.261,27.433,65.962,15.77,49.624,68.213,64.865,35.726
53.582,47.085,40.908,30.156,54.124,14.471,51.165,73.937,53.863,39.205,44.718,30.199,15.606,85.927,50.727,32.071,79.753,0,88.197,54.077,21.676,81.326,14.252,71.975,46.531,3.267,21.144,24.268,91.737,73.371,42.491,68.24,79.924,37.806,53.937,78.934,58.654,50.264,30.482,26.785,34.77,7.024,70.05,107.275,44.217,70.44,79.928,12.417,73.938,14.251,32.471,81.553,19.6,64.085,93.514,7.352,57.683,68.768,10.659,13.409,37.571,63.182,31.983,53.896,78.461,58.224,23.4,34.852,83.203,15.146,66.037,30.932,28.252,8.105,75.625,66.603,80.904,51.463,81.705,49.104,47.193,12.758,69.79,38.126,44.344,67.098,57.715,77.021,62.058,58.188,73.95,15.154,28.14,53.66,67.292,65.377,75.19,20.516,64.567,51.28
36.014,73.674,51.524,65.876,47.939,102.428,67.782,53.502,34.87,66.834,50.686,58.429,78.992,27.31,68.815,62.897,18.632,88.197,0,47.583,84.247,44.042,102.437,58.459,42.327,91.293,74.559,64.139,28.686,67.238,46.221,70.199,9.75,53.39,42.529,42.598,72.897,41.446,64.765,76.511,56.913,81.276,44.232,21.354,51.764,54.564,9.989,78.426,21.732,75.34,76.005,6.988,86.2,35.074,16.335,81.175,68.506,73.718,86.21,76.76,52.424,31.466,58.473,63.937,64.509,29.994,83.776,67.913,31.841,88.103,75.382,59.02,62.288,91.347,16.053,38.594,71.308,43.99,36.428,66.045,43.182,86.474,32.696,81.423,50.931,33.133,78.51,13.115,73.21,40.276,41.289,103.352,86.809,34.859,57.998,31.564,38.679,80.21,57.635,51.361
18.235,26.093,14.779,48.482,0.441,68.076,20.468,70.815,21.269,56.924,9.923,34.385,40.016,33.912,66.647,22.126,50.949,54.077,47.583,0,61.741,69.417,67.245,23.132,30.652,57.307,51.672,36.641,39.454,29.436,30.497,78.727,43.894,38.476,44.653,66.788,27.078,12.731,23.873,57.689,20.099,48.665,61.344,60.704,10.094,69.186,44.168,49.755,26.632,46.506,60.871,43.352,62.264,48.271,45.298,46.889,22.696,81.444,57.526,48.083,35.862,16.143,38.865,17.157,81.116,26.429,40.539,23.016,30.142,61.486,80.954,24.69,40.626,53.649,43.893,53.973,86.986,43.396,27.91,18.512,35.1,46.969,17.875,34.549,10.283,49.681,78.204,34.488,77.065,47.059,19.874,67.864,42.039,29.451,19.251,46.235,21.224,57.359,16.986,51.599
54.482,63.044,46.988,18.425,61.937,27.34,65.411,57.607,53.546,22.193,51.83,28.645,32.76,88.789,31.543,42.679,71.835,21.676,84.247,61.741,0,67.033,28.851,83.109,42.527,21.838,10.417,25.137,94.516,86.441,39.08,48.64,74.925,30.934,43.831,64.987,73.921,53.646,41.832,8.592,41.886,19.529,56.095,104.983,51.796,53.927,74.814,13.921,74.894,16.361,12.759,77.271,2.816,53.887,93.097,22.766,71.931,48.642,11.053,15.07,32.252,65.776,26.429,67.018,60.052,56.013,42.873,48.694,87.299,7.587,45.616,37.209,23.028,29.773,69.484,54.666,61.503,41.691,86.997,62.862,41.079,33.383,73.909,56.429,51.478,56.888,36.735,75.268,41.883,47.578,80.676,29.933,48.197,49.982,78.522,56.195,81.213,4.448,75.786,37.939
51.208,91.377,62.886,51.383,69.857,92.728,88.044,12.523,48.198,44.861,65.636,54.482,79.943,67.824,38.767,71.353,25.799,81.326,44.042,69.417,67.033,0,93.679,89.388,42.632,83.516,61.097,59.823,70.993,97.421,45.529,30.89,36.631,45.085,29.178,2.708,96.001,57.239,72.58,58.51,64.806,74.781,11.276,62.466,66.673,15.579,36.217,68.983,55.339,67.179,54.813,39.821,69.75,21.537,60.212,76.429,91.782,34.207,74.328,67.918,46.441,57.186,50.545,85.868,21.476,43.091,88.918,79.345,70.744,73.679,36.99,63.586,53.759,87.709,31.464,16.427,28.019,31.566,74.193,85.4,39.103,86.101,64.241,93.929,65.627,19.757,43.734,47.182,36.589,25.119,74.999,94.767,93.806,40.46,86.926,23.185,73.211,64.616,85.337,30.068
67.778,56.636,54.693,42.335,67.252,2.193,61.706,85.374,68.104,49.872,58.222,44.291,27.379,99.738,60.27,45.121,93.648,14.252,102.437,67.245,28.851,93.679,0,83.572,60.641,11.156,32.585,38.409,105.531,83.971,56.611,77.483,94.108,51.421,67.238,91.398,68.25,64.279,43.382,36.314,48.534,21.173,82.449,121.509,57.629,81.764,94.105,25.215,88.039,27.77,41.422,95.775,26.097,77.477,107.668,21.46,67.991,77.477,19.437,26.611,51.413,77.173,45.636,64.978,88.691,72.471,31.466,46.435,96.818,21.283,74.405,44.927,41.803,14.064,89.709,79.597,90.34,64.801,95.084,60.013,61.09,21.37,83.507,46.062,57.852,80.514,65.331,91.264,70.722,71.428,87.058,1.1,34.6,67.839,78.94,78.984,88.461,29.77,76.278,63.668
39.768,29.353,37.165,71.218,22.783,84.817,22.762,92.346,42.733,79.986,32.175,56.995,56.58,34.676,89.77,40.828,67.633,71.975,58.459,23.132,83.109,89.388,83.572,0,53.463,75.007,73.454,58.463,38.03,8.779,53.577,101.477,58.344,61.597,66.959,86.885,20.628,35.39,42.05,79.911,41.386,67.741,82.5,64.309,31.903,91.057,58.713,70.191,37.345,67.144,83.474,56.646,83.271,69.166,49.496,65.371,17.941,104.289,77.415,68.645,58.978,32.231,61.739,18.815,103.041,46.76,53.087,37.233,29.276,81.798,103.923,46.045,63.199,69.509,60.458,74.965,109.152,65.935,24.546,23.825,57.877,62.235,26.459,41.223,32.475,70.074,101.333,46.909,100.082,68.912,17.276,83.978,52.193,51.169,4.686,66.615,20.008,78.858,7.432,74.41
14.785,49.124,20.612,24.663,31.052,60.463,46.538,41.325,12.582,29.314,24.145,16.35,40.038,47.758,36.996,28.804,33.596,46.531,42.327,30.652,42.527,42.632,60.641,53.463,0,49.496,32.482,22.263,53.25,60.086,4.043,48.079,33.561,11.818,14.569,39.926,55.056,18.075,30.134,35.47,22.194,39.516,32.781,62.608,25.048,39.246,33.534,36.158,33.165,33.146,36.349,35.466,44.255,21.385,50.62,39.877,51.143,50.835,43.885,34.519,10.281,26.095,16.249,45.088,50.988,13.555,47.612,36.715,47.325,45.855,50.485,21.452,20,50.742,29.097,26.217,56.595,12.93,48.23,43.758,4.451,47.113,34.975,51.328,24.047,23.873,48.576,32.741,46.704,17.865,44.242,61.605,52.076,7.515,49.849,21.091,43.795,38.304,47.637,20.962
56.795,49.711,44.174,32.178,57.351,11.243,53.991,75.802,57.039,40.72,47.973,33.147,18.491,89.193,51.929,35.273,82.588,3.267,91.293,57.307,21.838,83.516,11.156,75.007,49.496,0,22.797,27.255,95.003,76.241,45.463,69.404,82.952,40.477,56.478,81.163,61.32,53.52,33.661,27.811,38.036,10.019,72.247,110.456,47.465,72.262,82.949,14.558,77.179,16.806,33.372,84.622,19.488,66.673,96.739,10.617,60.479,69.776,10.883,15.779,40.362,66.439,34.666,56.824,79.944,61.338,25.518,37.825,86.467,14.718,66.94,34.194,30.876,8.66,78.574,69.025,82.15,54.017,84.958,51.992,50.021,14.704,73.056,40.375,47.599,69.698,58.376,80.192,63.035,60.706,77.18,12.109,29.954,56.683,70.329,68.063,78.434,21.34,67.611,53.448
44.083,55.168,36.893,9.878,51.886,31.653,56.823,53.021,43.201,18.07,41.802,18.23,27.141,78.382,29.834,33.641,63.078,21.144,74.559,51.672,10.417,61.097,32.585,73.454,32.482,22.797,0,15.053,84.115,77.227,28.896,47.328,65.405,21.193,35.518,58.831,65.566,43.257,33.05,7.425,32.076,15.905,49.877,95.077,41.84,49.47,65.319,9.075,64.544,9.332,12.871,67.612,11.806,45.77,82.908,18.701,63.238,48.084,13.276,8.932,22.217,55.36,16.251,58.041,57.32,45.864,37.769,40.416,76.884,13.727,45.566,27.409,12.689,28.686,60.199,47.338,59.882,33.199,76.612,54.159,31.425,29.99,63.503,49.938,41.458,48.813,37.934,65.176,41.469,39.542,70.396,33.675,43.303,39.985,68.923,47.715,70.878,5.988,66.21,31.124
30.734,42.075,21.869,14.664,36.849,38.308,42.813,54.533,30.465,25.464,26.756,5.971,20.239,64.61,37.578,19.507,55.615,24.268,64.139,36.641,25.137,59.823,38.409,58.463,22.263,27.255,15.053,0,70.407,62.498,18.224,53.883,55.701,14.763,31.067,57.257,51.729,28.9,19.336,21.527,17.082,17.257,48.721,83.698,26.787,51.427,55.696,14.718,51.422,11.434,25.662,57.415,25.862,40.819,70.531,17.729,49.049,55.504,22.817,12.972,13.827,41.474,9.386,43.6,61.411,34.293,29.988,27.172,62.706,25.869,53.721,12.454,7.181,28.853,51.359,44.099,65.371,28.578,62.115,40.047,23.165,26.318,49.21,39.008,26.41,43.75,47.894,53.423,49.494,35.346,55.574,39.361,35.315,29.434,53.963,41.702,56.184,20.731,51.265,30.846
40.034,62.168,50.851,77.617,39.583,106.117,55.261,78.668,41.154,82.245,47.453,65.961,78.843,5.82,87.77,60.869,45.276,91.737,28.686,39.454,94.516,70.993,105.531,38.03,53.25,95.003,84.115,70.407,0,46.147,55.996,93.342,34.374,64.944,60.519,69.147,57.098,41.717,62.734,88.292,57.008,85.574,68.656,26.686,48.16,78.922,34.791,84.986,20.136,81.646,89.58,31.256,95.782,56.756,13.767,84.389,53.284,96.741,93.097,83.232,62.991,28.936,68.334,50.776,90.001,40.094,79.991,62.448,9.643,96.264,97.712,60.849,71.513,92.412,39.772,61.751,96.784,60.961,13.69,54.643,56.247,86.049,22.064,72.679,47.815,55.93,98.753,24.564,94.805,60.016,22.464,106.246,81.285,46.651,39.634,53.203,19.905,90.102,40.553,69.805
47.07,27.7,42.209,75.992,29.034,85.396,22.297,99.854,50.091,85.327,37.368,61.773,57.772,43.138,95.66,43.762,76.158,73.371,67.238,29.436,86.441,97.421,83.971,8.779,60.086,76.241,77.227,62.498,46.147,0,59.772,108.154,67.02,67.292,74.009,94.879,16.803,42.117,44.675,84.018,45.557,69.85,90.148,72.648,36.874,98.397,67.384,73.049,46.083,70.184,87.978,65.376,86.332,76.873,58.03,67.22,16.011,110.845,79.814,71.609,64.655,40.46,66.807,19.604,110.362,54.507,52.725,38.648,37.729,84.402,110.281,50.075,67.852,69.98,68.966,82.656,116.33,72.813,32.919,24.271,64.535,62.647,35.145,39.381,37.615,77.939,107.137,55.639,106.344,76.226,26.029,84.268,50.93,58.486,10.516,74.472,28.74,82.339,12.461,81.023
16.513,47.016,18.858,21.623,30.87,56.448,44.936,43.301,14.872,27.472,22.952,12.324,36.181,50.401,36.242,25.862,37.596,42.491,46.221,30.497,39.08,45.529,56.611,53.577,4.043,45.463,28.896,18.224,55.996,59.772,0,48.575,37.551,9.077,16.71,42.836,53.646,18.441,27.053,32.347,19.44,35.478,35.282,66.327,23.733,40.963,37.531,32.213,36.051,29.166,33.688,39.395,40.699,24.643,54.025,35.836,49.896,51.144,40.004,30.558,6.996,28.091,12.66,43.849,52.47,16.969,44.028,33.997,49.615,42.111,50.509,18.104,16.28,46.721,33.138,29.116,57.792,14.667,50.181,42.106,6.427,43.189,36.85,48.459,22.796,27.285,47.832,36.294,46.584,20.464,45.571,57.572,48.624,11.362,49.74,24.685,45.357,34.789,47.4,21.562
61.956,94.151,67.188,40.184,79.124,75.974,93.034,18.429,59.139,29.525,71.507,50.806,72.861,88.959,17.516,71.443,51.817,68.24,70.199,78.727,48.64,30.89,77.483,101.477,48.079,69.404,47.328,53.883,93.342,108.154,48.575,0,61.077,42.431,34.845,30.636,101.908,66.13,71.938,41.595,66.214,63.197,26.065,90.58,72.248,16.095,60.729,56.398,74.518,56.049,36.146,64.389,51.419,36.59,85.129,65.83,98.32,3.526,58.7,56.066,44.929,71.802,45.389,92.301,13.035,56.457,83.311,79.783,90.428,56.2,6.172,63.031,46.702,75.984,54.793,31.888,12.868,35.595,92.709,90.171,43.638,76.99,80.405,92.761,71.337,37.657,14.808,68.84,7.437,33.929,90.721,78.568,88.799,50.852,97.926,40.164,89.706,48.114,95.712,27.131
29.585,69.709,45.253,56.512,44.294,93.988,64.362,44.99,27.849,57.137,45.221,49.864,71.666,31.502,59.105,56.484,10.922,79.924,9.75,43.894,74.925,36.631,94.108,58.344,33.561,82.952,65.405,55.701,34.374,67.02,37.551,61.077,0,44.213,32.798,34.849,70.427,35.635,58.287,67.063,50.162,72.941,35.345,31.103,46.342,45.729,0.423,69.708,21.167,66.706,66.394,3.327,76.951,25.435,24.171,73.06,65.988,64.581,77.355,68.077,43.429,28.04,49.48,60.894,56.202,22.326,77.268,62.288,35.001,79.036,66.097,51.734,53.338,83.548,6.392,29.26,63.016,34.305,39,62.325,33.981,79.081,31.885,76.371,45.415,23.651,68.922,11.711,63.784,30.534,41.888,95.053,80.709,26.269,57.109,21.887,39.586,70.963,56.291,41.612
25.586,51.742,25.264,12.853,38.816,50.962,50.701,40.393,23.903,18.62,29.951,9.515,34.87,59.389,28.388,29.188,42.366,37.806,53.39,38.476,30.934,45.085,51.421,61.597,11.818,40.477,21.193,14.763,64.944,67.292,9.077,42.431,44.213,0,16.363,42.508,59.631,27.054,29.869,23.666,23.784,30.87,34.039,74.049,30.532,37.507,44.129,26.275,44.913,23.676,24.653,46.432,32.816,26.331,62.389,31.983,56.198,44.638,33.45,24.814,2.638,37.168,5.824,50.247,48.201,25.366,44.147,37.572,58.685,34.841,43.552,20.761,9.618,43.273,39.079,29.356,52.835,13.867,59.247,47.834,10.232,41.079,45.914,51.203,29.723,29.324,39.845,44.441,39.459,20.649,54.474,52.446,49.26,19.122,57.557,27.587,54.345,26.828,55.096,16.861
27.232,63.584,35.142,25.764,45.071,66.616,61.107,26.763,24.35,24.406,38.696,25.483,50.954,55.613,27.327,42.523,28.091,53.937,42.529,44.653,43.831,29.178,67.238,66.959,14.569,56.478,35.518,31.067,60.519,74.009,16.71,34.845,32.798,16.363,0,26.528,69.609,31.923,43.638,35.471,36.149,47.08,18.609,63.869,39.611,24.708,32.593,42.03,40.8,39.704,33.987,35.663,46.185,10.271,54.678,48.318,65.664,37.901,48.577,40.704,17.387,37.002,22.111,59.613,36.533,21.754,59.751,50.702,56.421,49.131,38.145,34.541,25.706,59.619,26.724,13.058,42.334,2.496,58.303,58.325,10.402,57.368,45.694,65.112,38.605,13.317,38.246,36.912,34.795,4.286,55.901,68.289,64.629,16.01,63.622,12.369,54.959,40.353,61.552,9.316
48.569,88.674,60.18,49.073,67.227,90.48,85.359,12.236,45.554,42.861,62.942,51.879,77.35,65.842,37.319,68.654,24.141,78.934,42.598,66.788,64.987,2.708,91.398,86.885,39.926,81.163,58.831,57.257,69.147,94.879,42.836,30.636,34.849,42.508,26.528,0,93.335,54.576,69.886,56.437,62.103,72.349,8.957,61.507,63.978,14.831,34.44,66.617,53.133,64.76,52.886,38.086,67.685,18.839,58.65,73.954,89.124,34.041,72.084,65.526,43.824,54.707,48.005,83.203,22.209,40.495,86.277,76.64,68.642,71.541,36.641,60.9,51.261,85.244,29.47,13.727,28.914,28.93,72.011,82.711,36.411,83.552,61.87,91.228,62.932,17.11,42.911,45.149,35.934,22.443,72.637,92.484,91.149,37.778,84.378,20.553,70.89,62.473,82.766,27.737
44.913,11.644,34.804,66.121,26.644,69.804,8.991,96.311,47.872,76.35,30.913,52.416,43.147,52.877,87.666,32.223,77.971,58.654,72.897,27.078,73.921,96.001,68.25,20.628,55.056,61.32,65.566,51.729,57.098,16.803,53.646,101.908,70.427,59.631,69.609,93.335,0,38.763,32.566,72.758,36.054,56,87.302,82.358,30.016,94.303,70.73,60.11,51.185,57.575,77.328,69.521,73.426,74.591,66.994,53.114,4.439,104.239,66.141,58.855,57.063,42.39,57.818,10.133,106.009,53.344,36.791,25.238,47.703,70.915,103.172,39.954,58.008,54.445,70.87,80.149,111.436,67.95,43.416,11.844,59.382,47.164,40.431,22.796,31.01,76.252,98.758,60.137,99.053,72.585,34.778,68.465,34.472,55.593,17.663,72.852,37.492,70.113,16.551,75.16
6.456,35.192,10.22,38.34,13.15,64.718,31.006,58.147,9.212,45.673,9.635,25.082,38.583,35.899,54.655,21.553,40.829,50.264,41.446,12.731,53.646,57.239,64.279,35.39,18.075,53.52,43.257,28.9,41.717,42.117,18.441,66.13,35.635,27.054,31.923,54.576,38.763,0,23.45,48.382,16.098,43.928,48.787,58.103,10.767,56.469,35.823,43.329,23.854,39.984,50.799,35.937,54.638,35.874,43.606,42.917,34.552,68.909,51.425,41.577,24.55,12.921,28.599,28.631,68.391,15.018,42.39,26.669,33.807,54.747,68.54,19.353,31.113,51.75,34.177,41.5,74.257,30.697,33.356,28.498,22.499,46.054,20.315,40.794,9.804,37.488,66.251,28.726,64.722,34.368,27.608,65.056,45.373,16.903,31.805,34.092,27.776,49.198,29.656,39.032
28.824,22.76,13.256,33.947,23.873,44.256,23.774,69.757,30.452,44.56,15.365,21.147,16.172,57.018,56.403,1.917,61.718,30.482,64.765,23.873,41.832,72.58,43.382,42.05,30.134,33.661,33.05,19.336,62.734,44.675,27.053,71.938,58.287,29.869,43.638,69.886,32.566,23.45,0,40.196,8.296,25.726,62.247,81.388,14.587,67.097,58.422,28.38,46.854,25.522,44.796,58.966,41.658,51.514,66.578,23.521,30.202,73.872,35.378,26.936,27.64,35.533,26.606,25.187,78.042,36.195,19.023,7.918,53.722,39.835,72.372,9.196,26.027,29.804,55.793,56.163,82.686,41.43,51.76,21.119,33.479,23.318,40.69,21.515,15.019,53.991,67.058,52.166,68.167,47.505,43.678,43.992,22.559,34.514,37.375,51.1,45.097,37.829,34.622,46.629
48.406,62.49,42.966,10.814,57.933,35.019,63.955,49.332,47.14,13.767,47.944,23.445,34.444,82.648,24.146,40.678,63.542,26.785,76.511,57.689,8.592,58.51,36.314,79.911,35.47,27.811,7.425,21.527,88.292,84.018,32.347,41.595,67.063,23.666,35.471,56.437,72.758,48.382,40.196,0,38.578,22.545,47.531,97.45,48.085,45.675,66.933,15.76,68.397,16.638,5.757,69.524,11.248,45.435,86.052,25.556,70.317,42.002,17.145,16.019,25.361,59.916,20.018,65.007,52.407,49.025,45.038,47.684,81.541,15.339,39.253,33.976,17.282,34.717,61.467,46.092,54.363,33.406,81.616,61.254,33.533,36.822,68.358,57.361,47.615,48.42,31.115,68.079,35.28,39.126,75.866,37.413,50.555,42.771,75.444,47.84,76.155,6.569,72.758,29.353
20.899,28.017,6.16,30.536,20.246,49.112,27.073,62.638,22.315,40.395,10.243,16.47,22.485,51.209,51.613,6.712,53.423,34.77,56.913,20.099,41.886,64.806,48.534,41.386,22.194,38.036,32.076,17.082,57.008,45.557,19.44,66.214,50.162,23.784,36.149,62.103,36.054,16.098,8.296,38.578,0,28.886,54.713,74.18,10.014,60.159,50.285,29.656,39.923,26.412,42.42,50.955,42.269,43.556,59.688,27.439,32.881,68.398,37.456,27.986,21.304,28.792,21.797,27.126,71.415,27.975,27.116,14.565,48.438,41.388,67.201,4.68,22.367,35.711,47.533,48.381,76.385,34.063,47.081,24.212,25.819,29.963,35.023,29.134,9.871,45.95,62.73,44.532,63.057,39.853,39.718,49.265,30.845,26.238,36.881,42.987,40.712,37.568,34.185,40.044
46.938,44.694,34.931,24.025,48.751,21.189,47.97,67.806,47.093,33.783,39.041,23.179,13.42,79.755,45.724,27.102,72.733,7.024,81.276,48.665,19.529,74.781,21.173,67.741,39.516,10.019,15.905,17.257,85.574,69.85,35.478,63.197,72.941,30.87,47.08,72.349,56,43.928,25.726,22.545,28.886,0,63.511,100.508,38.645,64.375,72.94,6.851,67.429,7.632,28.294,74.603,18.221,57.183,86.909,3.237,54.547,63.989,10.153,7.198,30.57,56.841,25.047,50.248,72.871,51.328,23.345,31.238,77.236,14.994,61.456,24.752,21.373,13.104,68.608,59.835,75.68,44.596,75.966,45.672,40.178,14.293,63.752,37.135,38.666,60.187,53.63,70.231,57.37,51.345,68.484,22.112,28.687,46.673,63.058,58.414,69.571,17.042,60.309,44.814
43.182,81.893,53.352,40.132,61.779,81.524,79.036,10.189,40.141,34.022,56.531,43.504,68.904,64.745,29.371,61.125,25.761,70.05,44.232,61.344,56.095,11.276,82.449,82.5,32.781,72.247,49.877,48.721,68.656,90.148,35.282,26.065,35.345,34.039,18.609,8.957,87.302,48.787,62.247,47.531,54.713,63.511,0,64.518,57.513,10.384,34.977,57.71,51.016,55.906,44.105,38.672,58.779,13.354,59.51,65.182,83.209,29.591,63.128,56.643,35.537,50.769,39.397,77.204,21.502,35.743,78.069,69.276,66.906,62.6,31.548,53.141,42.542,76.453,29.221,7.561,28.208,20.859,69.805,76.311,28.897,74.95,58.622,83.718,56.481,13.029,36.352,44.127,29.983,14.917,69.348,83.535,83.053,31.903,79.638,16.272,67.872,53.531,77.826,18.803
53.806,85.819,68.291,86.724,60.963,121.685,79.212,73.163,53.418,88.128,66.317,78.232,96.657,29.685,90.097,79.472,38.816,107.275,21.354,60.704,104.983,62.466,121.509,64.309,62.608,110.456,95.077,83.698,26.686,72.648,66.327,90.58,31.103,74.049,63.869,61.507,82.358,58.103,81.388,97.45,74.18,100.508,64.518,0,67.275,74.653,31.335,98.272,34.617,95.079,97.176,28.22,106.819,56.3,15.518,100.064,78.273,94.106,106.221,96.562,72.859,45.962,78.856,74.894,83.716,49.489,100.017,83.084,35.053,108.436,95.993,77.009,82.585,109.628,37.366,59.471,90.405,65.284,39.769,78.085,63.947,104.142,43.143,95.228,66.625,54.208,99.592,30.287,94.047,61.617,47.723,122.367,102.302,55.096,65.393,52.838,44.957,100.845,65.917,72.712
17.141,24.848,5.337,39.344,10.233,58.365,21.532,66.345,19.641,48.456,1.133,25.106,30.689,42.435,58.917,12.711,51.523,44.217,51.764,10.094,51.796,66.673,57.629,31.903,25.048,47.465,41.84,26.787,48.16,36.874,23.733,72.248,46.342,30.532,39.611,63.978,30.016,10.767,14.587,48.085,10.014,38.645,57.513,67.275,0,64.292,46.54,39.667,32.657,36.426,51.571,46.516,52.247,45.14,52.256,36.967,26.175,74.728,47.433,37.999,27.898,21.314,29.979,20.123,75.995,25.587,32.747,16.152,39.226,51.4,73.902,14.638,31.298,44.284,44.93,50.531,81.468,37.934,37.499,18.798,29.366,37.903,26.106,30.04,1.049,47.068,70.332,38.814,69.873,42.692,29.839,58.293,35.207,26.302,27.55,43.78,30.979,47.443,24.945,45.295
51.347,87.97,59.712,40.359,69.611,80.595,85.752,3.703,48.348,31.938,63.391,46.926,71.575,74.9,23.861,66.207,36.02,70.44,54.564,69.186,53.927,15.579,81.764,91.057,39.246,72.262,49.47,51.427,78.922,98.397,40.963,16.095,45.729,37.507,24.708,14.831,94.303,56.469,67.097,45.675,60.159,64.375,10.384,74.653,64.292,0,45.36,58.039,60.944,56.774,41.294,49.056,56.72,22.74,69.895,66.465,90.371,19.59,62.339,57.24,39.523,59.87,42.096,84.319,11.985,44.563,81.378,74.548,76.883,61.014,21.934,57.902,44.606,77.478,39.597,17.267,18.332,26.386,79.609,82.952,34.949,76.951,68.031,88.574,63.293,23.046,28.163,54.366,21.106,22.171,78.667,82.864,86.617,39.923,87.938,26.042,77.337,52.097,85.972,20.678
29.746,69.96,45.407,56.398,44.57,93.975,64.635,44.605,27.976,56.947,45.418,49.849,71.743,31.925,58.84,56.624,10.501,79.928,9.989,44.168,74.814,36.217,94.105,58.713,33.534,82.949,65.319,55.696,34.791,67.384,37.531,60.729,0.423,44.129,32.593,34.44,70.73,35.823,58.422,66.933,50.285,72.94,34.977,31.335,46.54,45.36,0,69.672,21.555,66.679,66.23,3.704,76.851,25.146,24.546,73.079,66.291,64.234,77.303,68.045,43.37,28.341,49.419,61.182,55.811,22.417,77.395,62.468,35.421,78.96,65.762,51.821,53.28,83.589,6.097,28.925,62.626,34.122,39.415,62.587,33.899,79.152,32.254,76.574,45.609,23.332,68.626,12.114,63.464,30.288,42.277,95.052,80.858,26.268,57.461,21.607,39.981,70.864,56.631,41.376
45.445,49.148,35.314,17.739,49.9,24.689,51.702,61.526,45.163,27.059,39.874,20.05,19.111,79.177,38.909,29.413,68.613,12.417,78.426,49.755,13.921,68.983,25.215,70.191,36.158,14.558,9.075,14.718,84.986,73.049,32.213,56.398,69.708,26.275,42.03,66.617,60.11,43.329,28.38,15.76,29.656,6.851,57.71,98.272,39.667,58.039,69.672,0,66.131,3.344,21.493,71.607,13.338,52.264,85.237,9.795,58.252,57.153,8.117,1.755,26.465,56.057,20.546,53.514,66.248,48.794,29.534,34.926,77.086,11.734,54.607,25.105,16.673,19.666,64.987,54.488,68.928,39.588,76.242,49.215,36.146,21.072,63.561,42.627,39.506,55.299,46.802,68.028,50.525,46.233,69.266,26.261,34.997,43.573,65.549,53.791,70.097,10.69,62.798,38.919
20.688,52.522,33.899,57.661,26.943,88.409,46.368,61.199,21.348,62.11,31.705,46.581,62.382,14.873,67.885,44.937,31.192,73.938,21.732,26.632,74.894,55.339,88.039,37.345,33.165,77.179,64.544,51.422,20.136,46.083,36.051,74.518,21.167,44.913,40.8,53.133,51.185,23.854,46.854,68.397,39.923,67.429,51.016,34.617,32.657,60.944,21.555,66.131,0,62.82,69.513,19.305,76.3,38.267,19.769,66.615,46.807,77.828,74.238,64.38,43.042,11.349,48.545,42.387,72.513,19.963,65.402,48.517,15.953,77.102,78.537,43.139,51.87,75.604,24.308,43.693,79.173,41.064,18.892,44.808,36.111,69.827,11.051,61.1,32.016,37.996,79.02,9.571,75.43,40.722,20.721,88.837,67.726,26.52,36.475,34.901,18.464,70.518,35.971,50.008
42.138,46.792,32.014,16.456,46.657,27.412,49.05,60.191,41.899,26.535,36.61,16.914,17.818,75.836,38.672,26.456,65.887,14.251,75.34,46.506,16.361,67.179,27.77,67.144,33.146,16.806,9.332,11.434,81.646,70.184,29.166,56.049,66.706,23.676,39.704,64.76,57.575,39.984,25.522,16.638,26.412,7.632,55.906,95.079,36.426,56.774,66.679,3.344,62.82,0,22.197,68.549,16.162,49.878,81.966,9.827,55.573,57.005,11.453,1.599,23.659,52.717,17.874,50.705,65.422,45.622,28.438,32.341,73.743,14.994,54.617,21.831,14.07,20.714,62.09,52.353,68.404,37.235,72.911,46.508,33.344,20.949,60.218,40.866,36.243,52.9,47.206,64.818,50.473,43.947,65.97,28.785,33.971,40.511,62.515,51.26,66.781,12.608,59.768,37.19
50.122,67.333,46.328,12.471,61.144,40.001,68.445,44.987,48.55,10.174,51.326,26.508,40.011,84.041,18.85,45.121,61.985,32.471,76.005,60.871,12.759,54.813,41.422,83.474,36.349,33.372,12.871,25.662,89.58,87.978,33.688,36.146,66.394,24.653,33.987,52.886,77.328,50.799,44.796,5.757,42.42,28.294,44.105,97.176,51.571,41.294,66.23,21.493,69.513,22.197,0,69.035,15.574,43.505,86.462,31.287,74.709,36.407,22.582,21.677,26.757,61.712,22.218,69.248,47.321,49.764,50.634,52.45,83.289,20.177,33.586,37.941,20.28,40.438,60.545,43.476,48.971,32.181,83.685,65.694,33.78,42.564,70.359,62.669,51.016,46.397,25.359,68.4,29.663,37.261,78.405,42.514,56.164,43.314,79.093,46.216,78.507,12.033,76.448,26.752
30.144,69.348,45.805,58.894,43.737,95.722,63.785,48.309,28.698,59.912,45.409,51.652,72.775,28.614,62.194,57.129,14.037,81.553,6.988,43.352,77.271,39.821,95.775,56.646,35.466,84.622,67.612,57.415,31.256,65.376,39.395,64.389,3.327,46.432,35.663,38.086,69.521,35.937,58.966,69.524,50.955,74.603,38.672,28.22,46.516,49.056,3.704,71.607,19.305,68.549,69.035,0,79.236,28.622,20.844,74.594,65.09,67.89,79.348,69.953,45.508,27.282,51.561,60.17,59.511,23.499,77.986,62.59,32.345,81.18,69.385,52.798,55.389,84.913,9.637,32.554,66.326,37.066,36.501,61.855,36.216,80.231,30.258,76.452,45.626,26.914,72.112,9.737,67.041,33.569,39.916,96.703,81.245,28.039,55.646,25.047,37.515,73.246,54.97,44.593
55.774,62.39,47.575,20.577,62.442,24.556,65.04,60.398,54.97,24.94,52.341,29.822,31.613,90.029,34.353,42.618,74.116,19.6,86.2,62.264,2.816,69.75,26.097,83.271,44.255,19.488,11.806,25.862,95.782,86.332,40.699,51.419,76.951,32.816,46.185,67.685,73.426,54.638,41.658,11.248,42.269,18.221,58.779,106.819,52.247,56.72,76.851,13.338,76.3,16.162,15.574,79.236,0,56.299,94.713,21.44,71.59,51.381,8.954,14.723,33.978,66.95,28.047,66.824,62.864,57.665,41.477,48.261,88.389,4.919,48.326,37.612,24.486,27.645,71.599,57.216,64.284,44,87.941,62.551,43.019,31.676,74.944,55.335,51.982,59.313,39.367,76.97,44.625,49.997,81.419,27.175,46.708,51.747,78.653,58.532,82.046,5.99,75.908,40.525
30.045,69.844,41.378,35.982,48.708,76.875,66.543,23.396,27.005,33.564,44.107,35.04,60.32,52.459,33.813,50.187,18.668,64.085,35.074,48.271,53.887,21.537,77.477,69.166,21.385,66.673,45.77,40.819,56.756,76.873,24.643,36.59,25.435,26.331,10.271,18.839,74.591,35.874,51.514,45.435,43.556,57.183,13.354,56.3,45.14,22.74,25.146,52.264,38.267,49.878,43.505,28.622,56.299,0,48.944,58.299,70.416,40.005,58.847,50.913,26.996,37.427,32.144,64.463,34.519,22.407,68.618,58.027,54.22,59.35,41.146,42.72,35.833,69.569,19.049,5.8,41.054,12.678,56.874,63.883,18.344,66.98,45.38,72.68,44.094,3.046,43.492,32.254,38.556,6.31,56.073,78.524,73.265,18.998,66.358,3.622,54.663,50.516,64.592,17.06
39.973,70.301,53.667,75.238,45.544,107.981,63.699,69.137,40.075,78.108,51.342,65.374,82.151,14.935,81.857,64.662,34.516,93.514,16.335,45.298,93.097,60.212,107.668,49.496,50.62,96.739,82.908,70.531,13.767,58.03,54.025,85.129,24.171,62.389,54.678,58.65,66.994,43.606,66.578,86.052,59.688,86.909,59.51,15.518,52.256,69.895,24.546,85.237,19.769,81.966,86.462,20.844,94.713,48.944,0,86.217,62.862,88.617,93.301,83.498,60.863,31.045,66.685,59.391,80.304,37.088,84.983,67.871,20.326,95.891,90.001,62.831,70.242,95.353,30.35,53.246,87.119,55.641,25.184,62.568,52.698,89.595,27.643,79.778,51.664,47.515,92.23,18.069,87.5,53.279,32.562,108.483,87.081,43.286,50.255,45.324,29.777,88.814,50.634,63.927
46.318,41.733,33.569,26.238,46.95,21.803,45.215,69.842,46.68,36.336,37.44,23.698,10.269,78.578,48.408,25.019,73.334,7.352,81.175,46.889,22.766,76.429,21.46,65.371,39.877,10.617,18.701,17.729,84.389,67.22,35.836,65.83,73.06,31.983,48.318,73.954,53.114,42.917,23.521,25.556,27.439,3.237,65.182,100.064,36.967,66.465,73.079,9.795,66.615,9.827,31.287,74.594,21.44,58.299,86.217,0,51.785,66.717,13.193,9.795,31.426,55.834,26.206,47.64,75.241,51.182,20.108,28.573,75.877,18.077,64.253,23.581,22.722,11.312,68.946,61.207,78.222,45.823,74.429,42.985,40.887,11.296,62.452,33.952,37.065,61.272,56.574,69.839,60.139,52.601,66.755,22.304,25.46,46.842,60.685,59.348,67.946,20.215,57.943,46.608
40.633,11.799,31.133,63.244,22.26,69.442,6.578,92.312,43.611,73.275,27.017,49.339,42.082,48.905,84.393,29.639,73.554,57.683,68.506,22.696,71.931,91.782,67.991,17.941,51.143,60.479,63.238,49.049,53.284,16.011,49.896,98.32,65.988,56.198,65.664,89.124,4.439,34.552,30.202,70.317,32.881,54.547,83.209,78.273,26.175,90.371,66.291,58.252,46.807,55.573,74.709,65.09,71.59,70.416,62.862,51.785,0,100.719,64.628,56.916,53.603,37.951,54.676,6.057,102.13,49.026,36.713,23.37,43.802,69.326,99.746,36.994,55.089,54.027,66.446,76.007,107.642,64.063,39.64,9.084,55.506,46.698,36.106,23.65,27.141,72.026,95.593,55.721,95.656,68.552,30.862,68.276,35.037,51.424,14.355,68.615,33.534,68.001,12.817,71.45
64.891,96.244,69.611,41.482,81.836,75.897,95.329,21.811,62.112,30.63,74.016,52.726,74.101,92.317,18.342,73.452,55.343,68.768,73.718,81.444,48.642,34.207,77.477,104.289,50.835,69.776,48.084,55.504,96.741,110.845,51.144,3.526,64.581,44.638,37.901,34.041,104.239,68.909,73.872,42.002,68.398,63.989,29.591,94.106,74.728,19.59,64.234,57.153,77.828,57.005,36.407,67.89,51.381,40.005,88.617,66.717,100.719,0,58.981,56.925,47.183,74.898,47.269,94.721,15.31,59.589,84.627,81.752,93.719,56.228,3.609,65.07,48.341,76.619,58.288,35.372,13.577,38.529,95.938,92.463,46.412,77.948,83.547,94.484,73.835,41.128,13.223,72.259,6.761,37.17,93.802,78.554,90.141,53.881,100.672,43.591,92.835,48.437,98.422,29.878
53.55,54.847,43.24,23.138,57.652,18.4,58.05,65.942,53.226,30.487,47.698,28.001,23.457,87.287,41.285,36.601,75.771,10.659,86.21,57.526,11.053,74.328,19.437,77.415,43.885,10.883,13.276,22.817,93.097,79.814,40.004,58.7,77.355,33.45,48.577,72.084,66.141,51.425,35.378,17.145,37.456,10.153,63.128,106.221,47.433,62.339,77.303,8.117,74.238,11.453,22.582,79.348,8.954,58.847,93.301,13.193,64.628,58.981,0,9.872,33.946,64.17,27.915,60.213,69.516,56.732,32.881,41.279,85.159,4.9,56.102,32.988,24.036,18.736,72.46,60.583,71.493,46.205,84.25,55.707,43.547,22.819,71.631,47.083,47.327,61.894,47.494,76.011,52.23,52.671,77.154,20.535,37.996,51.356,72.745,60.636,78.049,10.59,69.991,44.394
43.695,47.99,33.606,16.881,48.232,26.169,50.38,60.693,43.426,26.61,38.192,18.356,18.486,77.424,38.624,27.913,67.106,13.409,76.76,48.083,15.07,67.918,26.611,68.645,34.519,15.779,8.932,12.972,83.232,71.609,30.558,56.066,68.077,24.814,40.704,65.526,58.855,41.577,26.936,16.019,27.986,7.198,56.643,96.562,37.999,57.24,68.045,1.755,64.38,1.599,21.677,69.953,14.723,50.913,83.498,9.795,56.916,56.925,9.872,0,24.912,54.302,19.046,52.104,65.674,47.091,29.036,33.636,75.339,13.408,54.461,23.415,15.196,20.271,63.403,53.258,68.51,38.249,74.51,47.862,34.599,21.067,61.815,41.788,37.824,53.943,46.859,66.311,50.344,44.928,67.562,27.643,34.543,41.914,64.01,52.373,68.377,11.512,61.261,37.879
23.367,49.302,22.637,14.627,36.2,51.065,48.147,42.304,21.854,21.158,27.314,8.099,33.567,57.389,31.024,26.875,42.235,37.571,52.424,35.862,32.252,46.441,51.413,58.978,10.281,40.362,22.217,13.827,62.991,64.655,6.996,44.929,43.429,2.638,17.387,43.824,57.063,24.55,27.64,25.361,21.304,30.57,35.537,72.859,27.898,39.523,43.37,26.465,43.042,23.659,26.757,45.508,33.978,26.996,60.863,31.426,53.603,47.183,33.946,24.912,0,34.958,6.054,47.643,50.406,23.775,42.532,35.26,56.534,35.68,46.143,18.475,9.912,42.64,38.542,30.444,55.168,14.926,56.976,45.28,9.688,40.031,43.642,49.067,27.087,29.924,42.482,43.018,42.061,21.634,52.041,52.417,47.543,17.77,54.928,27.922,51.969,28.024,52.463,18.988
11.591,42.231,22.697,49.443,16.512,77.632,36.514,60.807,13.52,55.359,20.356,37.145,51.178,23.137,62.758,33.617,36.039,63.182,31.466,16.143,65.776,57.186,77.173,32.231,26.095,66.439,55.36,41.474,28.936,40.46,28.091,71.802,28.04,37.168,37.002,54.707,42.39,12.921,35.533,59.916,28.792,56.841,50.769,45.962,21.314,59.87,28.341,56.057,11.349,52.717,61.712,27.282,66.95,37.427,31.045,55.834,37.951,74.898,64.17,54.302,34.958,0,39.899,32.9,71.803,15.396,54.054,37.244,21.626,67.336,75.097,32.259,42.869,64.503,28.843,43.209,78.171,36.587,22.143,34.649,29.888,58.594,8.897,50.154,20.667,38.065,74.245,18.358,71.612,38.107,18.926,77.941,56.434,21.118,30.084,34.638,17.993,61.343,28.852,45.587
28.392,49.121,24.649,9.748,39.159,45.213,48.828,45.167,27.216,18.62,29.597,5.479,29.624,62.665,29.939,26.25,48.068,31.983,58.473,38.865,26.429,50.545,45.636,61.739,16.249,34.666,16.251,9.386,68.334,66.807,12.66,45.389,49.48,5.824,22.111,48.005,57.818,28.599,26.606,20.018,21.797,25.047,39.397,78.856,29.979,42.096,49.419,20.546,48.545,17.874,22.218,51.561,28.047,32.144,66.685,26.206,54.676,47.269,27.915,19.046,6.054,39.899,0,48.882,52.28,29.62,39.283,34.499,61.524,29.635,45.79,17.975,3.888,37.51,44.547,35.033,56.483,19.617,61.668,45.976,15.642,35.558,48.38,47.43,29.315,35.142,40.942,48.925,41.595,26.394,56.197,46.656,44.542,23.762,57.487,33.403,56.346,22.129,54.911,21.475
34.798,11.507,25.115,57.61,16.733,66.297,4.514,86.273,37.749,67.499,20.961,43.595,38.333,46.006,78.501,24.411,68.104,53.896,63.937,17.157,67.018,85.868,64.978,18.815,45.088,56.824,58.041,43.6,50.776,19.604,43.849,92.301,60.894,50.247,59.613,83.203,10.133,28.631,25.187,65.007,27.126,50.248,77.204,74.894,20.123,84.319,61.182,53.514,42.387,50.705,69.248,60.17,66.824,64.463,59.391,47.64,6.057,94.721,60.213,52.104,47.643,32.9,48.882,0,96.074,43.257,34.277,19.079,41.155,64.813,93.781,31.375,49.442,50.921,61.049,70.03,101.587,58.007,37.378,5.014,49.449,43.609,32.058,22.931,21.085,66.119,89.751,50.988,89.704,62.522,28.383,65.346,33.487,45.465,14.374,62.72,30.872,62.986,11.986,65.406
63.324,99.361,71.305,49.031,81.538,87.314,97.382,11.349,60.328,39.258,75.119,57.392,81.248,86.203,28.521,77.266,45.892,78.461,64.509,81.116,60.052,21.476,88.691,103.041,50.988,79.944,57.32,61.411,90.001,110.362,52.47,13.035,56.202,48.201,36.533,22.209,106.009,68.391,78.042,52.407,71.415,72.871,21.502,83.716,75.995,11.985,55.811,66.248,72.513,65.422,47.321,59.511,62.864,34.519,80.304,75.241,102.13,15.31,69.516,65.674,50.406,71.803,52.28,96.074,0,56.525,91.367,85.644,88.408,67.494,18.81,68.88,54.357,85.904,50.323,28.877,6.815,38.067,91.278,94.563,46.63,86.108,79.891,99.402,75.009,34.518,27.841,65.534,20.406,34.146,90.559,89.787,96.725,51.9,99.911,37.682,89.181,58.974,97.931,31.426
8.576,50.209,23.491,38.216,26.869,72.505,45.905,45.65,5.969,42.152,24.459,28.747,49.351,34.78,48.241,34.447,25.981,58.224,29.994,26.429,56.013,43.091,72.471,46.76,13.555,61.338,45.864,34.293,40.094,54.507,16.969,56.457,22.326,25.366,21.754,40.495,53.344,15.018,36.195,49.025,27.975,51.328,35.743,49.489,25.587,44.563,22.417,48.794,19.963,45.622,49.764,23.499,57.665,22.407,37.088,51.182,49.026,59.589,56.732,47.091,23.775,15.396,29.62,43.257,56.525,0,55.084,40.849,34.981,59.028,59.899,29.408,33.239,61.417,19.654,28.206,62.833,21.584,36.603,43.46,16.16,56.782,23.958,55.338,24.57,23.455,59.56,19.337,56.517,22.712,34.315,73.377,58.73,6.557,43.991,19.987,33.25,51.746,42.298,30.625
47.847,25.199,32.252,43.153,40.408,33.062,30.627,84.423,49.419,54.015,33.7,34.632,10.646,74.439,66.343,20.88,80.287,23.4,83.776,40.539,42.873,88.918,31.466,53.087,47.612,25.518,37.769,29.988,79.991,52.725,44.028,83.311,77.268,44.147,59.751,86.277,36.791,42.39,19.023,45.038,27.116,23.345,78.069,100.017,32.747,81.378,77.395,29.534,65.402,28.438,50.634,77.986,41.477,68.618,84.983,20.108,36.713,84.627,32.881,29.036,42.532,54.054,39.283,34.277,91.367,55.084,0,17.568,70.617,37.758,82.493,26.283,37.011,17.838,74.586,72.721,95.147,57.352,67.991,29.264,50.275,10.825,58.254,14.896,33.394,71.308,75.511,71.113,78.292,63.894,59.301,31.675,5.548,52.884,48.579,68.679,61.176,40.185,46.042,60.738
32.772,14.913,17.395,41.817,22.87,47.618,16.799,77.105,34.905,52.469,17.228,29.03,19.357,56.928,64.32,8.386,66.78,34.852,67.913,23.016,48.694,79.345,46.435,37.233,36.715,37.825,40.416,27.172,62.448,38.648,33.997,79.783,62.288,37.572,50.702,76.64,25.238,26.669,7.918,47.684,14.565,31.238,69.276,83.084,16.152,74.548,62.468,34.926,48.517,32.341,52.45,62.59,48.261,58.027,67.871,28.573,23.37,81.752,41.279,33.636,35.26,37.244,34.499,19.079,85.644,40.849,17.568,0,53.053,45.959,80.278,16.81,33.936,32.401,60.467,62.924,90.405,48.589,50.443,14.435,40.384,25.226,40.82,14.707,16.988,60.349,74.964,54.962,76.075,54.417,41.812,46.889,19.218,40.188,32.57,57.303,43.633,44.876,29.88,54.218
33.184,52.53,42.324,71.058,30.242,97.492,45.633,77.079,34.816,76.63,38.599,58.654,69.884,5.41,83.221,51.888,45.744,83.203,31.841,30.142,87.299,70.744,96.818,29.276,47.325,86.467,76.884,62.706,9.643,37.729,49.615,90.428,35.001,58.685,56.421,68.642,47.703,33.807,53.722,81.541,48.438,77.236,66.906,35.053,39.226,76.883,35.421,77.086,15.953,73.743,83.289,32.345,88.389,54.22,20.326,75.877,43.802,93.719,85.159,75.339,56.534,21.626,61.524,41.155,88.408,34.981,70.617,53.053,0,88.551,94.356,52.492,64.461,83.5,39.333,59.624,95.089,56.497,4.874,45,50.781,76.992,13.527,63.051,38.968,53.902,94.507,23.633,91.17,56.569,12.94,97.499,71.774,41.419,30.425,50.842,10.304,82.857,31.156,65.515
56.441,59.668,47.004,23.369,61.632,19.824,62.75,64.671,55.894,29.097,51.599,30.55,28.346,90.472,39.022,40.974,76.797,15.146,88.103,61.486,7.587,73.679,21.283,81.798,45.855,14.718,13.727,25.869,96.264,84.402,42.111,56.2,79.036,34.841,49.131,71.541,70.915,54.747,39.835,15.339,41.388,14.994,62.6,108.436,51.4,61.014,78.96,11.734,77.102,14.994,20.177,81.18,4.919,59.35,95.891,18.077,69.326,56.228,4.9,13.408,35.68,67.336,29.635,64.813,67.494,59.028,37.758,45.959,88.551,0,53.201,36.822,25.857,23.065,73.898,60.628,69.057,46.851,87.833,60.367,45.064,27.593,75.041,51.983,51.231,62.386,44.279,78.363,49.469,53.084,80.96,22.369,42.837,53.369,77.141,61.387,81.749,9.069,74.388,44.095
64.801,94.893,68.717,39.449,81.337,72.788,94.226,24.49,62.097,28.507,73.233,51.267,71.916,93.152,16.191,72.037,57.179,66.037,75.382,80.954,45.616,36.99,74.405,103.923,50.485,66.94,45.566,53.721,97.712,110.281,50.509,6.172,66.097,43.552,38.145,36.641,103.172,68.54,72.372,39.253,67.201,61.456,31.548,95.993,73.902,21.934,65.762,54.607,78.537,54.617,33.586,69.385,48.326,41.146,90.001,64.253,99.746,3.609,56.102,54.461,46.143,75.097,45.79,93.781,18.81,59.899,82.493,80.278,94.356,53.201,0,63.709,46.603,73.951,59.753,36.837,17.135,38.543,96.41,91.358,46.11,75.521,83.832,92.729,73.036,42.498,9.685,73.335,4.228,37.817,93.944,75.476,88.026,53.997,100.205,44.761,93.079,45.611,97.899,29.661
23.256,31.187,10.264,26.253,24.852,45.374,30.968,60.564,24.152,36.404,14.782,12.514,19.981,55.033,47.913,8.43,54.078,30.932,59.02,24.69,37.209,63.586,44.927,46.045,21.452,34.194,27.409,12.454,60.849,50.075,18.104,63.031,51.734,20.761,34.541,60.9,39.954,19.353,9.196,33.976,4.68,24.752,53.141,77.009,14.638,57.902,51.821,25.105,43.139,21.831,37.941,52.798,37.612,42.72,62.831,23.581,36.994,65.07,32.988,23.415,18.475,32.259,17.975,31.375,68.88,29.408,26.283,16.81,52.492,36.822,63.709,0,18.095,32.619,48.587,47.196,73.596,32.297,51.337,28.137,24.507,27.455,39.001,30.701,14.416,45.297,58.852,47.02,59.529,38.475,44.174,45.71,30.628,26.647,41.524,42.54,45.07,32.888,38.82,37.457
31.485,48.77,26.048,8.171,40.891,41.352,49.032,47.805,30.523,18.533,31.046,6.242,26.983,65.802,30.498,25.952,51.941,28.252,62.288,40.626,23.028,53.759,41.803,63.199,20,30.876,12.689,7.181,71.513,67.852,16.28,46.702,53.338,9.618,25.706,51.261,58.008,31.113,26.027,17.282,22.367,21.373,42.542,82.585,31.298,44.606,53.28,16.673,51.87,14.07,20.28,55.389,24.486,35.833,70.242,22.722,55.089,48.341,24.036,15.196,9.912,42.869,3.888,49.442,54.357,33.239,37.011,33.936,64.461,25.857,46.603,18.095,0,34.032,48.432,38.506,58.223,23.224,64.398,46.213,19.529,32.506,51.181,46.149,30.736,38.847,41.031,52.571,42.378,29.973,58.586,42.829,42.394,27.513,58.836,37.193,58.88,18.65,56.203,24.211
55.856,42.805,41.822,37.128,53.631,15.417,47.695,80.904,56.558,46.723,44.961,34.785,13.635,86.657,58.473,31.616,84.309,8.105,91.347,53.649,29.773,87.709,14.064,69.509,50.742,8.66,28.686,28.853,92.412,69.98,46.721,75.984,83.548,43.273,59.619,85.244,54.445,51.75,29.804,34.717,35.711,13.104,76.453,109.628,44.284,77.478,83.589,19.666,75.604,20.714,40.438,84.913,27.645,69.569,95.353,11.312,54.027,76.619,18.736,20.271,42.64,64.503,37.51,50.921,85.904,61.417,17.838,32.401,83.5,23.065,73.951,32.619,34.032,0,79.689,72.519,88.568,57.124,81.554,45.962,52.001,7.332,70.348,32.696,44.598,72.532,65.74,79.597,69.935,63.903,73.362,14.489,21.745,57.485,64.879,70.55,74.866,28.553,62.221,57.824
27.804,69.096,43.138,51.062,44.316,89.481,64.204,39.036,25.565,51.124,43.797,45.431,68.302,36.375,52.761,54.069,7.204,75.625,16.053,43.893,69.484,31.464,89.709,60.458,29.097,78.574,60.199,51.359,39.772,68.966,33.138,54.793,6.392,39.079,26.724,29.47,70.87,34.177,55.793,61.467,47.533,68.608,29.221,37.366,44.93,39.597,6.097,64.987,24.308,62.09,60.545,9.637,71.599,19.049,30.35,68.946,66.446,58.288,72.46,63.403,38.542,28.843,44.547,61.049,50.323,19.654,74.586,60.467,39.333,73.898,59.753,48.587,48.432,79.689,0,22.931,57.128,28.37,42.954,61.974,28.913,75.615,34.223,74.876,43.944,17.277,62.531,15.725,57.406,24.258,44.723,90.682,78.346,22.228,58.76,15.515,42.652,65.625,57.662,35.374
35.767,75.112,46.579,37.459,54.409,78.849,72.004,17.665,32.724,33.321,49.519,38.54,64.009,57.65,31.467,54.927,20.829,66.603,38.594,53.973,54.666,16.427,79.597,74.965,26.217,69.025,47.338,44.099,61.751,82.656,29.116,31.888,29.26,29.356,13.058,13.727,80.149,41.5,56.163,46.092,48.381,59.835,7.561,59.471,50.531,17.267,28.925,54.488,43.693,52.353,43.476,32.554,57.216,5.8,53.246,61.207,76.007,35.372,60.583,53.258,30.444,43.209,35.033,70.03,28.877,28.206,72.721,62.924,59.624,60.628,36.837,47.196,38.506,72.519,22.931,0,35.488,15.532,62.412,69.314,22.694,70.411,51.093,77.502,49.49,5.822,40.181,37.187,34.623,8.834,61.808,80.664,77.529,24.597,72.142,8.808,60.358,51.631,70.36,16.776
69.387,104.398,76.647,52.254,87.403,88.839,102.714,18.116,66.42,41.9,80.631,61.756,84.835,92.947,30.222,82.02,52.697,80.904,71.308,86.986,61.503,28.019,90.34,109.152,56.595,82.15,59.882,65.371,96.784,116.33,57.792,12.868,63.016,52.835,42.334,28.914,111.436,74.257,82.686,54.363,76.385,75.68,28.208,90.405,81.468,18.332,62.626,68.928,79.173,68.404,48.971,66.326,64.284,41.054,87.119,78.222,107.642,13.577,71.493,68.51,55.168,78.171,56.483,101.587,6.815,62.833,95.147,90.405,95.089,69.057,17.135,73.596,58.223,88.568,57.128,35.488,0,43.679,97.895,99.876,52.181,89.288,86.363,103.868,80.502,41.187,26.798,72.299,19.994,40.263,96.991,91.426,100.581,57.984,105.919,44.294,95.669,60.903,103.878,36.374
26.367,61.663,33.328,23.505,43.807,64.198,59.368,28.639,23.588,22.846,37.053,23.016,48.493,55.926,26.824,40.36,30.148,51.463,43.99,43.396,41.691,31.566,64.801,65.935,12.93,54.017,33.199,28.578,60.961,72.813,14.667,35.595,34.305,13.867,2.496,28.93,67.95,30.697,41.43,33.406,34.063,44.596,20.859,65.284,37.934,26.386,34.122,39.588,41.064,37.235,32.181,37.066,44,12.678,55.641,45.823,64.063,38.529,46.205,38.249,14.926,36.587,19.617,58.007,38.067,21.584,57.352,48.589,56.497,46.851,38.543,32.297,23.224,57.124,28.37,15.532,43.679,0,58.182,56.566,8.569,54.883,45.378,62.929,36.944,15.719,38.011,37.729,35.026,6.782,55.404,65.849,62.261,15.469,62.485,14.545,54.579,38.132,60.352,9.042
33.671,48.848,41.08,71.325,27.945,95.856,41.886,79.993,35.648,77.501,36.99,58.428,67.92,10.251,84.694,49.981,49.581,81.705,36.428,27.91,86.997,74.193,95.084,24.546,48.23,84.958,76.612,62.115,13.69,32.919,50.181,92.709,39,59.247,58.303,72.011,43.416,33.356,51.76,81.616,47.081,75.966,69.805,39.769,37.499,79.609,39.415,76.242,18.892,72.911,83.685,36.501,87.941,56.874,25.184,74.429,39.64,95.938,84.25,74.51,56.976,22.143,61.668,37.378,91.278,36.603,67.991,50.443,4.874,87.833,96.41,51.337,64.398,81.554,42.954,62.412,97.895,58.182,0,41.463,51.939,74.868,13.335,59.684,37.364,56.776,96.103,27.415,93.097,58.781,9.014,95.724,68.835,42.846,25.95,53.604,6.818,82.549,26.879,67.224
34.89,7.747,23.258,54.346,18.137,61.353,2.868,85.083,37.71,64.518,19.795,40.58,33.511,49.663,75.825,20.588,68.897,49.104,66.045,18.512,62.862,85.4,60.013,23.825,43.758,51.992,54.159,40.047,54.643,24.271,42.106,90.171,62.325,47.834,58.325,82.711,11.844,28.498,21.119,61.254,24.212,45.672,76.311,78.085,18.798,82.952,62.587,49.215,44.808,46.508,65.694,61.855,62.551,63.883,62.568,42.985,9.084,92.463,55.707,47.862,45.28,34.649,45.976,5.014,94.563,43.46,29.264,14.435,45,60.367,91.358,28.137,46.213,45.962,61.974,69.314,99.876,56.566,41.463,0,48.003,38.643,34.978,18.322,19.832,65.731,86.917,52.973,87.232,61.478,32.451,60.37,28.564,44.956,19.355,62.397,34.809,58.921,16.901,63.538
18.871,53.184,24.778,22.778,35.501,60.752,50.802,37.134,16.413,26.001,28.491,17.216,42.098,50.885,32.913,32.281,32.568,47.193,43.182,35.1,41.079,39.103,61.09,57.877,4.451,50.021,31.425,23.165,56.247,64.535,6.427,43.638,33.981,10.232,10.402,36.411,59.382,22.499,33.479,33.533,25.819,40.178,28.897,63.947,29.366,34.949,33.899,36.146,36.111,33.344,33.78,36.216,43.019,18.344,52.698,40.887,55.506,46.412,43.547,34.599,9.688,29.888,15.642,49.449,46.63,16.16,50.275,40.384,50.781,45.064,46.11,24.507,19.529,52.001,28.913,22.694,52.181,8.569,51.939,48.003,0,48.921,38.785,54.877,28.379,21.079,44.454,34.651,42.367,14.044,48.315,62.089,54.952,9.615,54.288,18.691,47.753,37.029,52.085,16.534
50.617,35.521,35.928,37.096,46.924,22.749,40.363,80.232,51.607,47.468,38.659,31.948,7.499,80.337,59.62,25.195,80.651,12.758,86.474,46.969,33.383,86.101,21.37,62.235,47.113,14.704,29.99,26.318,86.049,62.647,43.189,76.99,79.081,41.079,57.368,83.552,47.164,46.054,23.318,36.822,29.963,14.293,74.95,104.142,37.903,76.951,79.152,21.072,69.827,20.949,42.564,80.231,31.676,66.98,89.595,11.296,46.698,77.948,22.819,21.067,40.031,58.594,35.558,43.609,86.108,56.782,10.825,25.226,76.992,27.593,75.521,27.455,32.506,7.332,75.615,70.411,89.288,54.883,74.868,38.643,48.921,0,64.008,25.71,38.306,69.859,67.867,74.374,71.395,61.639,66.537,21.746,15.382,53.411,57.617,67.611,68.132,31.276,54.971,56.712
20.346,42.723,28.883,58.014,18.077,84.128,36.244,68.757,22.411,64.203,25.389,45.282,56.782,16.329,71.646,38.818,41.341,69.79,32.696,17.875,73.909,64.241,83.507,26.459,34.975,73.056,63.503,49.21,22.064,35.145,36.85,80.405,31.885,45.914,45.694,61.87,40.431,20.315,40.69,68.358,35.023,63.752,58.622,43.143,26.106,68.031,32.254,63.561,11.051,60.218,70.359,30.258,74.944,45.38,27.643,62.452,36.106,83.547,71.631,61.815,43.642,8.897,48.38,32.058,79.891,23.958,58.254,40.82,13.527,75.041,83.832,39.001,51.181,70.348,34.223,51.093,86.363,45.378,13.335,34.978,38.785,64.008,0,52.174,25.751,45.707,83.121,20.532,80.396,46.567,10.773,84.211,59.907,29.927,25.428,42.362,9.324,69.463,24.943,54.4
47.083,11.895,32.011,53.447,34.276,47.759,18.582,91.264,49.372,64.38,31.167,42.112,23.723,67.526,76.575,22.597,81.312,38.126,81.423,34.549,56.429,93.929,46.062,41.223,51.328,40.375,49.938,39.008,72.679,39.381,48.459,92.761,76.371,51.203,65.112,91.228,22.796,40.794,21.515,57.361,29.134,37.135,83.718,95.228,30.04,88.574,76.574,42.627,61.1,40.866,62.669,76.452,55.335,72.68,79.778,33.952,23.65,94.484,47.083,41.788,49.067,50.154,47.43,22.931,99.402,55.338,14.896,14.707,63.051,51.983,92.729,30.701,46.149,32.696,74.876,77.502,103.868,62.929,59.684,18.322,54.877,25.71,52.174,0,30.989,75.033,86.626,68.34,88.501,68.92,50.686,46.18,11.717,54.886,37.077,72.003,52.967,53.274,34.858,68.036
16.146,25.896,4.69,38.744,10.462,58.551,22.559,65.332,18.618,47.739,0.375,24.523,31.036,42.068,58.111,13.121,50.516,44.344,50.931,10.283,51.478,65.627,57.852,32.475,24.047,47.599,41.458,26.41,47.815,37.615,22.796,71.337,45.415,29.723,38.605,62.932,31.01,9.804,15.019,47.615,9.871,38.666,56.481,66.625,1.049,63.293,45.609,39.506,32.016,36.243,51.016,45.626,51.982,44.094,51.664,37.065,27.141,73.835,47.327,37.824,27.087,20.667,29.315,21.085,75.009,24.57,33.394,16.988,38.968,51.231,73.036,14.416,30.736,44.598,43.944,49.49,80.502,36.944,37.364,19.832,28.379,38.306,25.751,30.989,0,46.019,69.547,38.014,69.018,41.667,29.857,58.531,35.967,25.253,28.174,42.731,30.908,47.107,25.598,44.357
31.459,71.86,43.505,39.019,50.121,79.917,68.349,23.217,28.444,36.403,46.012,37.939,63.143,51.854,36.093,52.617,16.06,67.098,33.133,49.681,56.888,19.757,80.514,70.074,23.873,69.698,48.813,43.75,55.93,77.939,27.285,37.657,23.651,29.324,13.317,17.11,76.252,37.488,53.991,48.42,45.95,60.187,13.029,54.208,47.068,23.046,23.332,55.299,37.996,52.9,46.397,26.914,59.313,3.046,47.515,61.272,72.026,41.128,61.894,53.943,29.924,38.065,35.142,66.119,34.518,23.455,71.308,60.349,53.902,62.386,42.498,45.297,38.847,72.532,17.277,5.822,41.187,15.719,56.776,65.731,21.079,69.859,45.707,75.033,46.019,0,45.398,31.366,40.133,9.317,56.459,81.56,75.893,20.778,67.426,3.469,54.921,53.541,65.753,19.814
63.31,89.796,65.027,33.252,78.559,63.645,89.768,31.346,60.849,22.501,69.783,46.351,64.868,93.853,11.598,66.946,61.002,57.715,78.51,78.204,36.735,43.734,65.331,101.333,48.576,58.376,37.934,47.894,98.753,107.137,47.832,14.808,68.922,39.845,38.246,42.911,98.758,66.251,67.058,31.115,62.73,53.63,36.352,99.592,70.332,28.163,68.626,46.802,79.02,47.206,25.359,72.112,39.367,43.492,92.23,56.574,95.593,13.223,47.494,46.859,42.482,74.245,40.942,89.751,27.841,59.56,75.511,74.964,94.507,44.279,9.685,58.852,41.031,65.74,62.531,40.181,26.798,38.011,96.103,86.917,44.454,67.867,83.121,86.626,69.547,45.398,0,74.87,7.52,38.998,92.768,66.389,81.06,53.258,97.367,47.07,92.181,37.199,94.929,29.015
23.768,60.581,38.913,57.27,34.849,91.414,54.758,54.189,23.161,60.063,37.754,48.01,66.874,20.731,64.216,50.274,22.169,77.021,13.115,34.488,75.268,47.182,91.264,46.909,32.741,80.192,65.176,53.423,24.564,55.639,36.294,68.84,11.711,44.441,36.912,45.149,60.137,28.726,52.166,68.079,44.532,70.231,44.127,30.287,38.814,54.366,12.114,68.028,9.571,64.818,68.4,9.737,76.97,32.254,18.069,69.839,55.721,72.259,76.011,66.311,43.018,18.358,48.925,50.988,65.534,19.337,71.113,54.962,23.633,78.363,73.335,47.02,52.571,79.597,15.725,37.187,72.299,37.729,27.415,52.973,34.651,74.374,20.532,68.34,38.014,31.366,74.87,0,70.559,35.894,30.24,92.133,73.965,25.319,45.941,28.677,27.895,71.033,45.322,46.216
61.145,90.708,64.666,35.228,77.443,69.149,90.098,24.107,58.491,24.292,69.22,47.074,67.722,90.132,11.969,67.845,55.264,62.058,73.21,77.065,41.883,36.589,70.722,100.082,46.704,63.035,41.469,49.494,94.805,106.344,46.584,7.437,63.784,39.459,34.795,35.934,99.053,64.722,68.167,35.28,63.057,57.37,29.983,94.047,69.873,21.106,63.464,50.525,75.43,50.473,29.663,67.041,44.625,38.556,87.5,60.139,95.656,6.761,52.23,50.344,42.061,71.612,41.595,89.704,20.406,56.517,78.292,76.075,91.17,49.469,4.228,59.529,42.378,69.935,57.406,34.623,19.994,35.026,93.097,87.232,42.367,71.395,80.396,88.501,69.018,40.133,7.52,70.559,0,34.794,90.402,71.799,83.821,50.495,96.315,42.177,89.605,41.695,93.984,26.046
29.178,66.983,38.45,29.725,47.486,70.777,64.224,23.792,26.186,27.395,41.73,29.733,55.19,55.355,28.66,46.325,24.761,58.188,40.276,47.059,47.578,25.119,71.428,68.912,17.865,60.706,39.542,35.346,60.016,76.226,20.464,33.929,30.534,20.649,4.286,22.443,72.585,34.368,47.505,39.126,39.853,51.345,14.917,61.617,42.692,22.171,30.288,46.233,40.722,43.947,37.261,33.569,49.997,6.31,53.279,52.601,68.552,37.17,52.671,44.928,21.634,38.107,26.394,62.522,34.146,22.712,63.894,54.417,56.569,53.084,37.817,38.475,29.973,63.903,24.258,8.834,40.263,6.782,58.781,61.478,14.044,61.639,46.567,68.92,41.667,9.317,38.998,35.894,34.794,0,57.021,72.483,68.722,17.755,65.767,9.046,55.886,44.226,63.806,11.141
29.466,39.84,33.956,65.942,19.833,87.923,32.886,79.464,31.952,73.034,29.483,52.444,59.752,18.113,81.213,41.967,51.76,73.95,41.289,19.874,80.676,74.999,87.058,17.276,44.242,77.18,70.396,55.574,22.464,26.029,45.571,90.721,41.888,54.474,55.901,72.637,34.778,27.608,43.678,75.866,39.718,68.484,69.348,47.723,29.839,78.667,42.277,69.266,20.721,65.97,78.405,39.916,81.419,56.073,32.562,66.755,30.862,93.802,77.154,67.562,52.041,18.926,56.197,28.383,90.559,34.315,59.301,41.812,12.94,80.96,93.944,44.174,58.586,73.362,44.723,61.808,96.991,55.404,9.014,32.451,48.315,66.537,10.773,50.686,29.857,56.459,92.768,30.24,90.402,57.021,0,87.657,59.971,39.95,17.696,53.1,2.786,76.244,18.245,64.356
68.616,56.867,55.425,43.418,67.865,2.961,62.023,86.473,68.973,50.972,58.9,45.256,27.932,100.458,61.363,45.747,94.652,15.154,103.352,67.864,29.933,94.767,1.1,83.978,61.605,12.109,33.675,39.361,106.246,84.268,57.572,78.568,95.053,52.446,68.289,92.484,68.465,65.056,43.992,37.413,49.265,22.112,83.535,122.367,58.293,82.864,95.052,26.261,88.837,28.785,42.514,96.703,27.175,78.524,108.483,22.304,68.276,78.554,20.535,27.643,52.417,77.941,46.656,65.346,89.787,73.377,31.675,46.889,97.499,22.369,75.476,45.71,42.829,14.489,90.682,80.664,91.426,65.849,95.724,60.37,62.089,21.746,84.211,46.18,58.531,81.56,66.389,92.133,71.799,72.483,87.657,0,34.655,68.785,79.355,80.015,89.085,30.869,76.703,64.752
51.142,23.248,35.462,48.662,41.855,36.382,29.438,89.614,52.935,59.54,36.238,39.754,16.193,75.868,71.868,24.283,84.261,28.14,86.809,42.039,48.197,93.806,34.6,52.193,52.076,29.954,43.303,35.315,81.285,50.93,48.624,88.799,80.709,49.26,64.629,91.149,34.472,45.373,22.559,50.555,30.845,28.687,83.053,102.302,35.207,86.617,80.858,34.997,67.726,33.971,56.164,81.245,46.708,73.265,87.081,25.46,35.037,90.141,37.996,34.543,47.543,56.434,44.542,33.487,96.725,58.73,5.548,19.218,71.774,42.837,88.026,30.628,42.394,21.745,78.346,77.529,100.581,62.261,68.835,28.564,54.952,15.382,59.907,11.717,35.967,75.893,81.06,73.965,83.821,68.722,59.971,34.655,0,56.975,47.852,73.166,62.025,45.618,45.457,65.951
11.424,51.125,22.982,31.958,29.884,67.731,47.586,41.401,8.437,35.597,25.239,23.622,46.138,41.33,41.861,32.939,27.433,53.66,34.859,29.451,49.982,40.46,67.839,51.169,7.515,56.683,39.985,29.434,46.651,58.486,11.362,50.852,26.269,19.122,16.01,37.778,55.593,16.903,34.514,42.771,26.238,46.673,31.903,55.096,26.302,39.923,26.268,43.573,26.52,40.511,43.314,28.039,51.747,18.998,43.286,46.842,51.424,53.881,51.356,41.914,17.77,21.118,23.762,45.465,51.9,6.557,52.884,40.188,41.419,53.369,53.997,26.647,27.513,57.485,22.228,24.597,57.984,15.469,42.846,44.956,9.615,53.411,29.927,54.886,25.253,20.778,53.258,25.319,50.495,17.755,39.95,68.785,56.975,0,48.017,17.478,39.111,45.786,46.081,24.475
36.594,25.288,32.854,66.894,18.872,80.17,18.511,89.363,39.607,75.838,27.89,52.656,51.911,35.728,85.833,36.168,65.962,67.292,57.998,19.251,78.522,86.926,78.94,4.686,49.849,70.329,68.923,53.963,39.634,10.516,49.74,97.926,57.109,57.557,63.622,84.378,17.663,31.805,37.375,75.444,36.881,63.058,79.638,65.393,27.55,87.938,57.461,65.549,36.475,62.515,79.093,55.646,78.653,66.358,50.255,60.685,14.355,100.672,72.745,64.01,54.928,30.084,57.487,14.374,99.911,43.991,48.579,32.57,30.425,77.141,100.205,41.524,58.836,64.879,58.76,72.142,105.919,62.485,25.95,19.355,54.288,57.617,25.428,37.077,28.174,67.426,97.367,45.941,96.315,65.767,17.696,79.355,47.852,48.017,0,63.958,20.478,74.288,2.754,70.81
28.023,68.601,40.333,38.049,46.675,78.47,64.998,26.441,25.015,36.419,42.714,35.81,60.769,48.968,37.261,49.678,15.77,65.377,31.564,46.235,56.195,23.185,78.984,66.615,21.091,68.063,47.715,41.702,53.203,74.472,24.685,40.164,21.887,27.587,12.369,20.553,72.852,34.092,51.1,47.84,42.987,58.414,16.272,52.838,43.78,26.042,21.607,53.791,34.901,51.26,46.216,25.047,58.532,3.622,45.324,59.348,68.615,43.591,60.636,52.373,27.922,34.638,33.403,62.72,37.682,19.987,68.679,57.303,50.842,61.387,44.761,42.54,37.193,70.55,15.515,8.808,44.294,14.545,53.604,62.397,18.691,67.611,42.362,72.003,42.731,3.469,47.07,28.677,42.177,9.046,53.1,80.015,73.166,17.478,63.958,0,51.602,52.674,62.284,20.147
29.022,42.282,34.81,66.071,21.235,89.271,35.36,78.022,31.34,72.821,30.533,52.801,61.236,15.385,80.663,43.341,49.624,75.19,38.679,21.224,81.213,73.211,88.461,20.008,43.795,78.434,70.878,56.184,19.905,28.74,45.357,89.706,39.586,54.345,54.959,70.89,37.492,27.776,45.097,76.155,40.712,69.571,67.872,44.957,30.979,77.337,39.981,70.097,18.464,66.781,78.507,37.515,82.046,54.663,29.777,67.946,33.534,92.835,78.049,68.377,51.969,17.993,56.346,30.872,89.181,33.25,61.176,43.633,10.304,81.749,93.079,45.07,58.88,74.866,42.652,60.358,95.669,54.579,6.818,34.809,47.753,68.132,9.324,52.967,30.908,54.921,92.181,27.895,89.605,55.886,2.786,89.085,62.025,39.111,20.478,51.602,0,76.77,20.98,63.58
50.07,59.395,42.596,14.65,57.56,28.515,61.512,55.736,49.172,20.159,47.457,24.205,29.801,84.369,30.696,38.596,68.213,20.516,80.21,57.359,4.448,64.616,29.77,78.858,38.304,21.34,5.988,20.731,90.102,82.339,34.789,48.114,70.963,26.828,40.353,62.473,70.113,49.198,37.829,6.569,37.568,17.042,53.531,100.845,47.443,52.097,70.864,10.69,70.518,12.608,12.033,73.246,5.99,50.516,88.814,20.215,68.001,48.437,10.59,11.512,28.024,61.343,22.129,62.986,58.974,51.746,40.185,44.876,82.857,9.069,45.611,32.888,18.65,28.553,65.625,51.631,60.903,38.132,82.549,58.921,37.029,31.276,69.463,53.274,47.107,53.541,37.199,71.033,41.695,44.226,76.244,30.869,45.618,45.786,74.288,52.674,76.77,0,71.559,35.048
34.681,23.18,30.264,64.279,16.589,77.492,16.281,87.473,37.713,73.311,25.322,50.037,49.207,36.357,83.414,33.415,64.865,64.567,57.635,16.986,75.786,85.337,76.278,7.432,47.637,67.611,66.21,51.265,40.553,12.461,47.4,95.712,56.291,55.096,61.552,82.766,16.551,29.656,34.622,72.758,34.185,60.309,77.826,65.917,24.945,85.972,56.631,62.798,35.971,59.768,76.448,54.97,75.908,64.592,50.634,57.943,12.817,98.422,69.991,61.261,52.463,28.852,54.911,11.986,97.931,42.298,46.042,29.88,31.156,74.388,97.899,38.82,56.203,62.221,57.662,70.36,103.878,60.352,26.879,16.901,52.085,54.971,24.943,34.858,25.598,65.753,94.929,45.322,93.984,63.806,18.245,76.703,45.457,46.081,2.754,62.284,20.98,71.559,0,68.583
35.14,68.042,40.356,21.337,51.995,62.776,66.385,23.692,32.452,16.65,44.51,26.249,51.061,64.85,18.01,45.839,35.726,51.28,51.361,51.599,37.939,30.068,63.668,74.41,20.962,53.448,31.124,30.846,69.805,81.023,21.562,27.131,41.612,16.861,9.316,27.737,75.16,39.032,46.629,29.353,40.044,44.814,18.803,72.712,45.295,20.678,41.376,38.919,50.008,37.19,26.752,44.593,40.525,17.06,63.927,46.608,71.45,29.878,44.394,37.879,18.988,45.587,21.475,65.406,31.426,30.625,60.738,54.218,65.515,44.095,29.661,37.457,24.211,57.824,35.374,16.776,36.374,9.042,67.224,63.538,16.534,56.712,54.4,68.036,44.357,19.814,29.015,46.216,26.046,11.141,64.356,64.752,65.951,24.475,70.81,20.147,63.58,35.048,68.583,0
